{"cameraMode":{"drawMode":0,"name":"Shaded","section":"Shading Mode"},"sceneLighting":true,"audioPlay":false,"sceneViewState":{"m_AlwaysRefresh":false,"showFog":true,"showSkybox":true,"showFlares":true,"showImageEffects":true,"showParticleSystems":true,"showVisualEffectGraphs":true,"m_FxEnabled":true},"in2DMode":false,"pivot":{"x":-4.300000190734863,"y":0.15000000596046449,"z":-3.799999713897705},"rotation":{"x":0.16628031432628632,"y":0.2627318501472473,"z":-0.04601949080824852,"w":0.9493186473846436},"size":0.6467224359512329,"orthographic":true}